No,Text
1,psbb tidak ya tunggu mau lebaran aku saja masih sibuk kuliah
2,tonton berita langgar psbb mudik ngeyel
3,korona tidak akan hilang kalau tidak lockdown orang jangan sampai keluar rumah terus bagaimana kehidupan negara wajib mengurus sih
4,psbb tidak efektif collect data tidak efektif ujung ujungnya memilih jalan herd immunity sekarang malah naikin iuran bpjs
5,psbb kota palembang dan prabumulih diterapkan pada idul fitri
6,maaf sedang psbb
7,warga langgar psbb bisa disanksi jadi tukang bersih bersih hingga denda
8,dukung psbb politisi beri bantuan apd ke polresta
9,psbb tidak efektif
10,achmad yurianto penanggulangan pandemi covid yang sudah lebih bulan kita bersama tangani tahapan sekarang
11,psbb tapi transportasi dibiarkan beroperasi sama saja seperti aku berusaha menyayangi dia tapi dia menyayangi yang lain
12,psbb di palangkaraya raya mengapa kamu kembali lagi semakin banyak orang berkumpul ada
13,psbb katanya tapi di jalan ramai sekali
14,apa apa perpanjang psbb mulu
15,ayo jalan aku sudah di depan rumahmu tidak kecuali psbb maksudnya baru berangkat aduh
16,sementara itu bila berjalan dengan baik maka diprediksi penambahan kasus positif bisa menurun juni ini
17,bentuk komitmen bersama kita pada pelaksanaan psbb berbagai macam aktivitas
18,cicak saja pusing saking serangga pada ikutan psbb juga
19,psbb kok masih ada puncak arus mudik
20,hari ini pertama kali naik kasus baru positif covid sudahlah yang positif covid melonjak naik penguasa sama
21,psbb ditilang kamu ya ingat itu
22,esensi psbb untuk kurangi kerumunan orang dedi mulyadi kalau toko ditutup kenapa pasar masih dibuka
23,pemerintah kota depok akhirnya resmi memberlakukan massa perpanjangan psbb sampai dengan hari kedepan
24,ini juga lucu sekali astaga tapi mohon maaf lagi psbb begini agak tidak berguna ya beli sepatu tidak bisa dipakai
25,salah satu bukti kelengahan pemerintah dalam mengawasi psbb di lapangan salah satu bukti manusia yang mementingkan ego
26,melihat situasi terkini di kotaku aku jadi paham kepanjangan psbb padang sabana bar bar
27,keadaan negara ini sebenarnya bagaimana sih mau keluar takut tidak keluar bosan katanya psbb tapi tidak jelas sekali pengin balik ke jogja
28,jelang berbuka puasa masjid al akbar di surabaya jawa timur punya cara unik untuk mengisi kegiatan bulan ramadhan
29,hari rabu tanggal mei hari ke psbb di jalan mutiara situasinya sangat sepi karena hujan baru saja reda
30,mantap pak presiden ditengah pandemi covid ini bukan nya mengatur atau memaksimalkan psbb
31,siapa di antara kalian yang merasai begini juga pas lagi psbb ayo mengaku kalau admin sih tidak termasuk ya karena
32,jangankan cikupadari poris ke kebon besar macet anjir gara gara psbb
33,saat harga minyak dunia naik bbm ikut naik minyak dunia turun bbm ogah turun saat negara lain batasi penerbangan
34,dari sampai sampai sekarang puasa tidak undangannya bukber nya banyak kalau tidak psbb sudah tidak dirumah ini tiap malam
35,satpol pp jakarta pusat hari ini mulai memberikan sanksi sosial kepada warga yang melanggar kebijakan psbb
36,pelanggar psbb di sidoarjo bakal disanksi makamkan pasien covid
37,ada yang update di jalan macet caption psbb situ juga bikin macet
38,kondisi seperti ini mau longgarkan psbb
39,arahan presiden ri terkait pelaksanaan psbb di berbagai daerah di indonesia mari kita disiplin diri tetap di rumah
40,psbb politisi bebas bacot
41,yang lagi hype sekali di indonesia selain corona psbb dkk inkonsistensi yang paling baru iuran bpjs 
42,pertama kali tvc dibuat secara online mematuhi psbb duh jadi kangen ketemuan sama saudara dan teman teman tidak
43,pada tidak dapat uang jajan saya tetap dapat seminggu giliran ada duit psbb
44,tekan covid bali tanpa psbb kenapa bali bisa menekan penyebaran covid padahal bali daerah pariwisata karena masyarakat
45,tapi jogja belum psbb ternyata
46,tidak apa apa lagi psbb begini semua lahan job diembat sama dia
47,dedi mulyadi menyatakan psbb hanya cocok diterapkan di perkotaan
48,sejumlah pihak meminta pemerintah tidak buru buru melonggarkan psbb selain jumlah kasus baru masih berfluktuasi ada
49,tanpa psbb presiden jokowi meminta daerah lain ikuti bali tangani covid
50,masih mas sini ke bali tidak ada psbb
51,kamu yang gabut selama masa psbb admin menyarankan gabung ke acara ini ya biar tambah wawasan dan ide segarmu
52,duren saya baru sampai lampung terima kasih psbb berkat kamu perjalanan jakarta lampung yang tadinya cuma jam
53,semoga cepat berlalu tapi ah sudahlah psbb tiada arti
54,wacana relaksasi psbb kayaknya harus dipercepat
55,sudah jelas aturannya psbb peraturan selalu berubah berubah
56,walaupun saat ini dki jakarta sedang psbb dan harus pakai masker namun untuk pembayaran zakat fitrah tidak boleh lewat
57,disiplin terapkan psbb
58,tak berlakukan psbb pemerintah bali beberkan kunci rahasia bisa menang lawan virus corona apa itu
59,tanpa terapkan psbb bali bisa kendalikan virus corona dengan kearifan lokal
60,tidak ada psbb di cibubur
61,situasi arus lalu lintas di bundaran waru terpantau sedikit antrian pada point pengecekan psbb
62,pelonggaran psbb sama bahayanya seperti melakukan pelanggaran
63,karena jalur darat bakal susah kalau daerah yang dilewatin pakai psbb berarti skenario terburuk kudu naik pesawat
64,ini pertimbangan ekonomi pemerintah pusat karena tak mampu membiayai rakyat selama psbb membiayai penanganan covid
65,sebenarnya ini irrelevant dengan bahasan awal as usual but ok kembali ke cost effectiveness direct cost dari
66,masih psbb
67,psbb social distancing digencarkan proyek dijalankan iuran dinaikan apalagi nih habis ini
68,lagi psbb sosial distancing
69,psbb pengangguran sudah bertambah banyak
70,masih psbb kak
71,kelar psbb langsung mantai katanya itu kalau masih ingat sama janjinya
72,psbb pekerja sudah bokek berat
73,berani berkerumun di tengah psbb kota bogor siap siap didenda
74,hampir semua daerah kebingungan dengan inkonsistensi informasi yang dilakukan pemerintah pusat
75,tidak tau lama sekali kelarnya psbb
76,psbb tidak jelas
77,pelanggar psbb melawan petugas bisa dijerat pasal kuhp
78,psbb pemerintah sudah bingung sekali
79,pdp odp sama yang positif masih bertambah terus psbb mau di longgarin
80,ini ada pengajian di saat psbb tidak mau dibubarin
81,sudah dari kemarin zona merah tapi harus disetujui kemarin sekarang tidak mengetahui kapan psbb nya berlangsung
82,ini my opinion psbb tidak efektif lagi
83,psbb vs ppdb
84,psbb diperpanjang dua terminal di surabaya tidak layani angkutan akap dan akdp
85,tidak kak lagi psbb
86,jangan ditiru kak itu karena tidak ada piring besar yang datar begitu mau keluar mencari lagi psbb
87,ada tidak ada psbb sama saja tidak berefek katanya mau dilonggarkan apakah memang pemerintah ngejar herd immunity
88,tidak boleh kak lagi psbb
89,petugas memberikan hukuman pada pelanggar aturan psbb jakarta dengan membersihkan fasilitas umum
90,bamsoet meminta pemerintah pusat pemda koordinasi soal relaksasi psbb
91,mau terapkan psbb kapan meminta pemprov riau pastikan ada bantuan untuk warga
92,psbb anda mau lagi bukber tiba tiba digrebek
93,jateng ikuti pemerintah pusat terkait psbb seluruh jawa
94,koalisi masyarakat sipil mengkritik putusan pengadilan terhadap sejumlah pelanggar pembatasan sosial berskala besar
95,tempat cukuran pada tutup selama psbb yaudah bikin seperti begini saja rambut ini
96,pemprov sumbar akan siapkan sanksi tegas bagi pelanggar psbb
97,lagi psbb mana buka sekolah
98,tanpa psbb presiden jokowi meminta daerah lain ikuti bali tangani covid
99,palembang dari kemarin belum psbb
100,warga kurang hiburan selama psbb
101,memang anda kira saya apaan dibelenggu mhon maaf malaikat maut tidak kena jalur psbb
102,balonnya lagi psbb kak
103,psbb berdampak ke saya selama bulan puasa saya tidak puasa
104,ada alasan mengapa pelonggaran psbb itu ide gila
105,tumbangnya ke produktif duluan setahun lagi saya psbb sudah jadi caveman ini
106,pelanggar pembatasan sosial berskala besar psbb di kota depok jawa barat akan dikenakan sanksi denda
107,siapa yang masih keluyuran  tolonglah sama sama tertib aturan semua juga sama inginnya keluar
108,psbb buat emosi nih batal puasa saya
109,menkes psbb kota prabumulih bisa segera diterapkan
110,negara tak mampu apbn apbd takkan cukup bantuan sosial psbb secara berkepanjangan sementara jika dipaksakan
111,palembang sudah mau psbb juga
112,tanpa terapkan psbb bali bisa kendalikan virus corona dengan kearifan lokal
113,mulai tanggal april diberlakukan pembatasan sosial berskala besar psbb arah masuk dan keluar jakarta
114,tak berlakukan psbb pemerintah bali beberkan kunci rahasia bisa menang lawan virus corona apa itu
115,ada dua kesimpulan mengapa psbb akan dilonggarkan pertama karena alasan ekonomi dan yang kedua karena kesulitan
116,kan psbb tidak bisa bekerja
117,masa psbb mulai kapan astaga
118,psbb peraturan suka berubah berubah
119,proses panggilan pertama alasan psbb proses panggilan kedua meminta di periksa di rumah meminta di jemput terus
120,masih psbb jangan keluar dulu
121,aku mau sudah tak sabar jenuh sekali sama psbb becandaan ini lebih jenuh
122,wfh tapi banyak kepentingan di kantor lagipula industri saya masuk pengecualian psbb
123,musim corona itu harusnya ada di dalam rumah kalau tidak penting sekali kecuali penting baru keluar
124,psbb ditargetkan segera berakhir tapi pubb baru berlangsung pubb pembatasan uang bersekala besar
125,wfh sudah psbb social physical distancing larangan mudik dsb juga sudah tapi kenapa tiap hari masih bertambah ya
126,coba tunjukkan ke saya negara mana yang dengan psbb berhasil atasi covid
127,pengaduan pelanggaran psbb kemana
128,setelah psbb selesai dan covid menghilang sepertinya akan banyak keributan gara gara ulah pemerintah semoga saja tidak semakin parah
129,langgar psbb di jakarta siap siap kena sanksi berikut
130,kebijakan wfh dan psbb membuat jumlah kendaraan yang melaju di jalan jalan di jakarta semakin berkurang
131,sampai kapan tidak beroperasinya banyak penumpukan di dalam bis dan di halte tosari
132,menit lagi psbb wilayah gorontalo akan dilakukan semangat buat para pedagang yang masih sibuk belanja tidak usah tergesa gesa
133,dari keluarnya peraturan tentang perubahan libur lebaran sudah jelas kelihatan psbb bakal diperpanjang
134,sudah saatnya longgarkan psbb anak anak muda silakan berkeliaran lagi kalian
135,psbb pembatasan sosial basa basi
136,psbb di pelalawan akan diberlakukan mei
137,dalam seminggu terakhir lumayan banyak belanja online coba dengan berbagai ekspedisi ekspedisi di tengah psbb
138,usulan pemprov laksanakan psbb daerah di riau disetujui menkes
139,satgas covid klaim persen psbb berhasil
140,protes warga warnai hari kedua psbb di palangkaraya
141,di daerah bahkan sudah dalam psbb dll sampai penangkapan dan disemprot dengan truk pemadam
142,bikin paspor lagi psbb begini bisa tidak
143,cilegon tidak ada psbb tapi sudah mulai ramai lagi tidak seperti awal awal tidak berpengaruh
144,mau tanya dong bikin paspor lagi psbb itu bisa tidak sih
145,masih ada daerah yang laju penambahan coronanya meningkat meski terapkan psbb
146,semoga nanti karena psbb covidnya mabur ya
147,psbb dilonggarkan sebelum waktunya bpjs naik lagi fpi dikasih kuota unlimited untuk berkeliaran bertahun tahun
148,cilegon belum selesai psbb
149,psbb saja tidak ditanggapi serius sama warga masih banyak yang tetap keluyuran dan berkumpul bersama
150,psbb tapi tetap kerja
151,pelonggaran psbb pagar beton di kota tegal dibuka lusa
152,psbb pembatasan sosial bikin bingung
153,sikapi psbb tahap dua ketua dprd jatim meminta jangan ada lagi saling beda persepsi antar kepala daerah via
154,lihat postingan ini jokowi bingung sudah psbb tapi yang positif korona makin bertambah sudah jelas bahwa psbb tidak efektif
155,kita jaga diri masih saja kalau psbb dilonggarkan tapi kita masih bisa di rumah di rumah saja
156,mau tanya ke siapa lagi kenapa psbb covid yang dilumpuhkan itu hanya titik tertentu
157,saat pemberlakuan psbb terbukti tidak efektif karena pelanggarannya dimanamana saat akan dibebaskan bersyarat
158,psbb tepat dipatuhi
159,masyarakat diimbau saling menjaga antartetangga di masa pandemi
160,psbb diperpanjang
161,petugas satpol pp jakarta timur menggelar razia psbb di kawasan jakarta timur razia digelar disepanjang jalan raya
162,sudahlah lempar handuk karena yang kalah jadi abu dan yang menang jadi arang pemerintah harusnya terus terang mendanai psbb
163,kenapa tidak dipikir dulu soal regulasi bagaimana penerapannya untuk psbb
164,kacau psbb itu
165,pemkot bogor menerbitkan aturan denda dan sanksi sosial terhadap warga dan korporasi yang melanggar aturan psbb
166,psbb selesai tanggal tapi kok yang positif tidak berkurang seram
167,sekalian dikuburin biar tidak nanggung beban gabut selama psbb
168,seketika panik psbb dihentikan
169,ini pemerintah kenapa sih plin plan sekali belum jalan satu bulan psbb loh astagfirullah
170,jika positif covid pelanggar psbb di kota tangerang diisolasi paksa
171,psbb bodoh sekolah libur
172,banyak aturan diterapkan selama psbb
173,untung otak tidak psbb juga
174,semoga corona tuntas di akhir mei biar ekonomi berjalan lagi atau psbb dicabut dengan psbb kasus tetap tambah terus ada yang setuju
175,disini baru mulai psbb karena ada anak pesantren dari zona merah pulang
176,tolong jangan masyarakatnya yang di psbb tolong otaknya pelayan rakyat di psbb biar tidak asal keluar sah ketok palu
177,siap pelonggaran psbb pemerintah sudah tahu bakal ada lonjakan penderita yang lebih tinggi
178,benarnya banyak sekali tempat yang tidak mematuhi peraturan dasar jaga jarak banyak sekali apalagi berdempet
179,yang punya adik di rumah entar kelar psbb dan wfh auto jadi sarjana pendidikan gadungan
180,tidak boleh berkumpul masih psbb
181,pelanggar psbb dki silakan pilih sanksi bayar rp juta atau jadi pasukan oranye
182,wakil ketua dprd riau zukri suka psbb keluar pastikan rakyat segera terima blt dan sembako
183,rabu mei psbb hari ketiga masih di sekitaran jl seth adji hari ini tidak seramai hari selasa mungkin karena psbb
184,psbb tak berarti hentikan perekonomian
185,bagaimana kalau kita hilangkan quarantine hilangkan psbb dan biarkan semuanya berlalu
186,blt kemensos cair lewat pos suhatri bur ingatkan prinsip psbb
187,kesal sekali saya melihat orang update instastory foto jalanan yang macet dari dalam mobil
188,psbb perbanyak sholawat biar berkah
189,lagi psbb jadi di rumah saja
190,ada daerah yang penambahan kasusnya tidak mengalami perubahan seperti sebelum psbb ini juga hal hal seperti ini
191,mengenai tren penambahan kasus jokowi mengakui ada daerah yang masih belum mengalami perubahan setelah menerapkan psbb
192,seperti diketahui saat ini telah ada provinsi dan kabupaten kota yang menerapkan psbb dari sejumlah wilayah
193,karena itu dia meminta evaluasi secara detail mengenai pelaksanaan psbb secara keseluruhan
194,dia meminta agar dihitung terlebih dahulu dengan matang jokowi tak ingin pelonggaran psbb justru malah berdampak
195,presiden joko widodo atau jokowi meminta agar pelonggaran pembatasan sosial berskala besar psbb harus hati hati ada
196,perhatikan instruksi jokowi meminta pelonggaran psbb harus hati hati dan tidak tergesa gesa
197,walaupun psbb seribu tahun bila masih bodoh apa gunanya
198,pelanggar aturan psbb di depok terancam denda hingga rp
199,pkl di pasar manggis kena razia psbb kursi diangkut hingga disuruh pushup
200,belum pernah ke passer baroe djakarta
201,mau pulang lupa lagi psbb
202,lima wilayah di riau mengikuti jejak kota pekanbaru yang lebih dulu menerapkan psbb
203,kalau memang pembeli ya bubarin dong kan sekarang lagi berlaku aturan psbb terus kasih sanksi sesuai pasal yang berlaku
204,selama ini daerah rumah aku memang di psbb alias pekanbaru sekitar bukit barisan
205,memang anda sekolah psbb
206,mimpi tidur siang kali ini adalah nikah pakai pedang pora tanpa tau perempuannya siapa kemudian ketangkep satpol pp
207,lama lama rilis series animasi juga nih kalau psbb makin panjang film nanti saja
208,jalan ada tutup karena psbb tapi ada ujung jalan yang ada tutup dipakai jualan terus ramai sama yang beli
209,selama penerapan psbb pemprov dki dianggap tak cukup disiplin dalam melakukan penegakan
210,tak bisa polemik lagi media sudah dipenuhi corona dan kisruh bansos mau demo melanggar psbb dan larangan berkerum
211,kontribusi pulau jawa itu memegang persen kasus di pulau jawa saja meninggalnya persen sembuhnya persen
212,yang lain pada sibuk bansos saya disini sama sekali tidak ke bagian bansos selama sekolah libur saya tidak bisa mencari nafkah
213,di rumah masing masing lah tidak tau apa lagi psbb
214,mau menuju jalan yang benar tapi jalannya di tutup psbb yaudah tidak jadi
215,semoga pemerintah besok cabut psbb langsung kerja pirang
216,pssb jabar dinilai berhasil
217,yang penting jaga jarak dulu biar psbb cepat berlalu
218,mau muter bogor psbb makin ketat ya sudah begitu sim aku habis
219,psbb peraturan sementara bangsat sekali benci
220,petugas psbb jaga jalur tikus di perbatasan purwakarta karawang
221,hukuman diberikan kepada warga yang melanggar psbb di jakarta hampir sama dengan rompi telan uang rakyat
222,undang karantina kesahatan jadi siasia karena para wakil partai mensahkan perppu psbb jadi undang mohon maaf an
223,psbb tak efektif ekonomi rakyat malah hancur mari berdamai dengan corona
224,terawan setujui psbb wilayah di riau
225,psbb surabaya gagal
226,jalan kaki di siang bolongrasanya bahagia setelah bulan di rumah saja lalu lintas pun sudah agak ramai seperti bukan psbb
227,psbb jilid sudah di bjm kdd perubahan masyarakatnya masih banyak yang ngeyel kasus covid positif terus tambah
228,tak sedikit yang merasa jenuh tapi tentu ada saja yang malah tak mau masa psbb berakhir mengapa demikian
229,kayaknya begitu mulai ngantuk tapi masih menunggu palang psbb dibuka baru bisa jalan pulang
230,ramai seperti tidak ada psbb saja
231,kebanyakan istirahat jadi capek seperti psbb ini
232,cek poin jangan bisa sistem piket bang kan jaga cek point tidak sampai ratusan pagi siang sore malam stt
233,andai tidak psbb
234,saya berharap di tengah wabah ini lah rontok tidak becus urus negara kapan nilai rencana pemerintah longgar
235,kapan psbb dipekanbaru berakhir
236,maksudnya habis lebaran psbb
237,benarkah pemerintah sudah transparan terhadap data corona di negeri ini
238,sabar kak maklum psbb dimana mana
239,orang orang ngopi di warung pinggir jalan disemprot sampai warungnya basah semua yang kumpul di mcd sarinah tidak dibubarkan
240,makanya jadi memang tidak ada kata psbb yang ada jaga kesehatan
241,rindu hiruk pikuk jakarta sih tapi kalau begini tidak kelar kelar psbb
242,lebaran sekarang psbb bisa ngemil dikamar seharian
243,masa pandemi dan psbb ini jangan sampai membuat kita down juga kita harus tetap semangat dan berkarya
244,kosong seperti jalan tol lagi psbb
245,psbb pendapatan sedang babak belur can t agree more
246,bikin ah sudah beres psbb jabar
247,waktu itu gerombolan anda umpetin data yang sebenarnya sekarang bingung besok heran lusa kaget dst
248,psbb buat orang halu
249,mantap bapak psbb diperpanjang mantap apa mantap mantap mantap
250,bali masyarakatnya lebih patuh dan kompak dibanding kota lain jadi lebih mudah memutus rantai pandemik
251,lihat orang kumpul di mcd sarinah marah marah tapi begitu psbb dibuka langsung mudik provinsi
252,tadi siang kena check point psbb karena duduk sebelahan di mobil sama laki saya dan saya disuruh pindah ke belakang
253,kemudian dari data yang ada sebenarnya relaksasi itu belum menjadi suatu opsi yang akan diputus dalam waktu dekat
254,meski psbb masih diterapkan jalan jalan di ibu kota terlihat ramai dengan kendaraan bermotor jalan jenderal sudirman
255,kalau mau jujur yang seperti kemarin di mcd sarinah dan yang seperti begini wajib dikerasi dibubarin paksa ini
256,malang psbb ketemu pacar setahun kemudian
257,kabupaten karawang menjadi wilayah dengan angka kerumunan dibubarkan paling banyak
258,tutup bang kan psbb
259,hukuman diberikan kepada warga yang melanggar psbb di jakarta
260,apalagi corona begini psbb juga tidak bisa bayangkan
261,ya memang sudah direncanakan tetap akan banyak yang mudik darimana pemasukan tol kalau bukan moment lbran ini
262,rip psbb tambah panjang lockdown
263,dibikin halu nyiapin buat ketemu keluarga secara langsung padahal ada larangan mudik dan psbb
264,psbb dilonggarkan jika kurva corona melandai dalam hari
265,aku buat tunggu psbb selesai di jabar
266,padahal yang ngeyel psbb kan kota ya
267,achievement during psbb
268,sampai lupa kalau lagi psbb soalnya tiap sore kalau keluar jalan ramainya bukan main
269,lagi psbb tidak bisa kalau kamu ke rumah tidak apa apa
270,tempat pelarian ketika sih bucin ini gundah gulana sendirian juga dijabanin sayang saja sekarang lagi psbb
271,jalan jalan sendiri menikmati indahnya psbb karena jalanan lempang selempang lempangnya
272,penerapan psbb berhasil menurunkan jumlah angka kasus
273,alasan psbb menjadikan mangkir dari panggilan hukum psbb tidak melarang untuk berpergian
274,seperti bikin tugas kelompok orang ngerjain sisanya wallahu alam begitu juga psbb
275,psbb ayo puter balik
276,meributkan meminta lockdown tapi terus terang tidak ada yang dilakukannya untuk pencegahan covit selama psbb
277,jangan numpang menumpang lagi psbb
278,tidak boleh ramai kan psbb
279,bali luar biasa tidak seperti jakarta propinsi bali berhasil meminimalisir penyebaran corona tanpa memberlakukan psbb
280,itu peraturan kalau psbb ya
281,psbb tidak boleh piknik anda kali yang kurang vitamin
282,karena mereka mau psbb
283,contoh beberapa minggu yang lalu ada yang taat tidak keluar rumah tapi ada yang tidak masih ingin keluar masih sama saja bohong
284,ya sudah jangan diperpanjang sama saja psbb atau tidak juga 
285,selain denda juga bisa sanksi sebagai pekerja sosial di fasilitas umum
286,kan kotanya yang psbb kak
287,ini psbb berpengaruh ke logistics juga ya beli barang kenapa tidak sampai sampai
288,kebijakan suka hati plaksanaan stengah hati sudah begitu psbb bakal ada relaksasi ambyar sudah
289,tau ini sudah psbb mati lampu pula
290,di pantai tidak ada orang jadi aman ada pos psbb
291,kesal tidak tiap hari cuma rebahan buka sosmed isinya begitu begitu saja bosen mau keluar ya psbb mau pulang ya
292,selama masa psbb kurva kasus corona di depok menurun
293,sama sekali kesal sudah lihat instastory beberapa teman kelas yang malah bukber bangkai membusuk psbb merekanya ngeyel begitu tidak akan habis itu corona
294,malaysia punya ukuran compliance soal psbb kita tidak punya
295,memang kalau psbb kamu juga tidak boleh main ke mimpiku
296,pacaran ala psbb sayang tidak boleh ke tempat ramai bagaimana kalau kita ngeroom saja
297,boro boro semangat pak gara gara psbb kiloan turun kg garagara stres teu boga duit
298,di kota saya baru disetujuin psbb sama menkes
299,dari awal lockdown harusnya pak jokowi bingung sudah psbb tapi yang positif korona makin bertambah
300,pas sudah hampir mau lebaran malah psbb kenapa tidak awalawal puasaan kemarin saja kampret
301,walaupun psbb sejuta tahun kalau sifatmu tak berubah apa guna nya
302,psbb masih ada angkot bang
303,psbb memutuskan penyebaran corona malah memperburuk ekonomi yang bisa memutuskan virus itu secepat nya ilmuwan menemukan vaksin yang tepat
304,keponakanku yang kubilang karena psbb tidak bisa ketemu
305,aku tanya bukan case karena ada pandemi ini sih secara umum saja well aku tidak digaji selama psbb
306,selama psbb membuat kita jarang bergerak dan badan jadi kaku saya punya solusinya mari saya pijat tapi ingat ini
307,tapi di jaman batu ada psbb juga tidak seperti jaman sekarang
308,walaupun psbb seribu tahun kalau masih bodoh apa gunanya
309,indonesia sudah buru buru mau longgarkan psbb dan membuka kembali sekolah sudah mampukah sistem kesehatan sedisiplin ini
310,mungkin awalnya dengan psbb kurva akan menurun tapi dengan penerapan seperti sekarang
311,pertengahan ramadan pasar tradisional kalipucang pangandaran masih sepi dampak psbb
312,sanksi sosial psbb itu bagusnya yang berhubungan langsung dengan penerapan psbb misalnya ketangkep tidak pakai masker sanksi sih
313,psbb tidak boleh kumpul kumpul
314,sampai tutup tahun saja psbb kalau pada badung
315,harusnya tidak bisa pulkam karena lagi psbb tapi mamake nyuruh pulang
316,maybe ya suka pun mengakui bahwa memang karena bagus psbb nya jadi korban sedikit tapi kalau ada miss case saja
317,tidak boleh ngumpul lagi psbb
318,mau keluar di luar lagi psbb
319,lagi ada psbb harus jaga jarak
320,di sana gunung di sini gunung jokowi bingung sudah psbb tapi yang positif korona makin bertambah
321,implisit kayanya mbak poinnya pak presiden mau tau kenapa jumlah positif bertambah
322,serta besarnya cadangan devisa yang terhimpun melalui perdagangan luar negeri dan hutang luar negeri ini nih skema psbb lockdown
323,nanti kalau sudah tidak psbb akan hajatan
324,saya berkali baca itu berita tapi kok isi beritanya tidak ada bilang jkw bingung isi beritanya seperti nya lebih
325,hati kecolongan seperti korea selatan dilonggarin psbb sama pemrintah corona nya ada lagi dan kena warga
326,kapan nilai rencana pemerintah longgarkan psbb membingungkan masyarakat
327,kalau lockdown tiga minggu pasti dan setelah itu normal pasti tidak ada phk
328,diperbandingkan dengan daerah lain untuk memaksudkan evaluasi penerapan psbb hasilnya dki bisa ok atau tidak ok
329,psbb belum resmi dimulai hari sabtu rek sekian
330,tidak efektif sekali sudahlah mending dinormalkan saja psbb tapi dilonggarkan sama saja
331,btw di mari mulai hari ini psbb
332,have tapi admit psbb di tangerang memang sangat longgar terutama untuk beberapa daerah
333,tidak paham lagi aku dengan negara ini kukira melonggarkan psbb karena kasus sudah semakin turun taunya maha benar
334,kalau gajian aku mau beli ini ah biar tidak bosan psbb nya
335,dong jawabannya ayo ikutan siapa tahu bisa buat bekal psbb
336,sekarang tidak bisa beli kesana dulu gresik surabaya sda psbb jadi mencari di toko tuban biasanya ada
337,psbb masih ketat pekerjaan belum lancar banyak orangtua yang kena phk buat makan saja masih harus usaha malah disuruh
338,sudah tidak perlu diperpanjang psbb buktinya masih pada ramai dan macet di luar saya yang tidak pernah keluar jadi lelah
339,psbb peraturan sering berubahberubah ternyata ini maksud psbb selama ini ya
340,setelah beberapa hari di rumah akhirnya ikutan psbb penambahan signifikan berat badan juga
341,artinya dengan psbb masyarakat masih bisa beraktivitas tapi memang dibatasi masyarakat juga harus membatasi diri
342,lagi musim psbb pernah sayang belum berjodoh
343,bagaimana lagi daripada ekonomi indonesia minus psbb ya tidak guna pakde jadi pusing
344,lagi psbb malah berkumpul
345,ketahuan tidak baca isinya beritanya nih di bahrain tidak ada psbb
346,psbb pembatasan skala bangsat sekali
347,pembagian blt kemensos abaikan psbb
348,sudah tidak lebaran di bandung gara gara psbb
349,psbb makin susah semua pak bansos belum datang kerja di rumah mudik pulkam tetap di karantina china tetap masuk lapar
350,mengapai psbb terus bikin susah rakyat saja kalau mau lockdown kota sekalian kasihan orang yang punya pinjam
351,psbb kota prabumulih disetujui kemenkes
352,kota palembang siapsiap terapkan psbb
353,kelonggaran psbb untuk usia ke bawah pks mayoritas pasien meninggal justru usia
354,kota ini akan segera berlakukan psbb
355,sekarang disuruh berdamai dari dulu mengapai pakai social distancing psbb segala sudah saja normal berlaga corona ada
356,yang berita seperti begini pasti tidak dipost media massa lain yang seru dipost menurut mereka kan psbb kendor orang
357,kali ini tidak bakalan ada pendemo karena penerapan psbb cerdas kan dia
358,biar kami di indonesia saja ingat ya menurut kbbi kita herd immunity psbb
359,kasus kebakaran di kota bandung menurun selama psbb
360,luar biasa ridwan kamil indeks penularan covid yang tadinya now sudah psbb di jawa barat berhasil
361,siapa juga yang mengira kalau pandemi nya bakal selama ini kalau tau ya buru
362,psbb bukannya belum dilonggarin
363,rencana pemerintah soal pelonggaran psbb dinilai membingungkan hal ini merujuk pada angka positif virus corona
364,karena psbb jadi tidak bisa didemo pintar
365,psbb di mrt
366,denpasar ku bukan psbb tapi istilahnya lain
367,aku tidak mau kumpul lagi psbb
368,pelonggaran psbb karena tak mampu tanggung bansos
369,kesempatan mumpung orangorang psbb dia bikin aturan seenak jidat
370,lagunya bikin ingat iklan sosis psbb pembatasan sensualitas besar besaran
371,jogja lagi psbb kah paketku dari tanggal tidak gerak
372,persoalan wfh dan pekerja di bawah tahun yang sudah diperbolehkan bekerja kembali
373,psbb kasus apalagi sekarang psbb dilonggarkan akhirnya rakyat harus bersiap untuk herd immunity jika ini terus berlanjut
374,terus apa fungsinya psbb kalau mereka masih pada bodoh seperti itu
375,mungkin psbb bisa ada tinjau ulang karena ada lapangan akan banyak kejadian seperti ini mungkin disiplin masker dan cuci tangan
376,bnpb mengharapkan agar masyarakat tetap mematuhi ketentuan dalam psbb dengan begitu proses penularan covid
377,bagaimana tapi psbb dilonggarkan dibawah tahun boleh aktivitas lah terus yang aktivitas pulang ke rumah
378,ini psbb masih tidak jalanan ramai sekali ini
379,selain masyarakat yang mungkin kurang disiplin di luar faktor paling besar adalah pemerintah
380,padahal bulan puasa psbb juga tapi ya rokok ku cepat habis
381,selalu ada untuk anda aturan psbb yang berjalan saat ini membatasi ruang gerak aktivitas kita membatasi saja
382,psbb tidak penting kumpul penting
383,relatif kalau tidak sehat mau apa disaat psbb begini juga bisa apa
384,repotnya kami yang hidup di kota selalu bingung ketika psbb memutar otak mencari cara untuk bisa bekerja dan bertemu
385,mulai tanggal april diberlakukan pembatasan sosial berskala besar psbb arah masuk dan keluar jakarta
386,belum coba nanti mau beres psbb mau
387,tanpa psbb bali sukses pakai jurus kearifan lokal ini untuk tangani pandemi corona
388,psbb itu ternyata cuma pengalihan arus lalu lintas dan penutupan beberapa ruas jalan saja
389,lagi memikirkan strategi apa yang harus dilakukan setelah masa psbb selesai ekonomi masih akan sulit tidak sih
390,kebetulan lagi psbb jadi tidak jualan kak
391,penegakan aturan psbb dan bansos saja dia tidak becus dan diduga sarat dengan manipulasi
392,pekerjaan mama selama psbb bikin cemilan
393,anggota dprd pasaman cekcok tak pakai masker saat psbb
394,tapi psbb diperpanjang mau tidak mau ya sekarang sekarang pengin piknik lagi
395,yang sudah stay at home psbb pakai masker jaga saja
396,iya nih kan lagi lockdown nih mana psbb juga lamarnya online saja ya beb
397,kota malang akan segera menerapkan pembatasan sosial berskala besar dalam waktu dekat
398,psbb antara trust dan kedisiplinan publik
399,palembang akan psbb
400,kelamaan psbb sampai kadrun betina ini kena halusinasi atau mungkin skizophrenia ya
401,jauh psbb begini ke solo seperti mau ke pluto
402,pasien covid makin bertambah di perpanjangan waktu psbb di banjarmasin
403,semoga jera karena dengan memakai seragam tersebut akhirnya banyak yang tau bahwa orang tersebut salah satu yang melanggar psbb
404,karena jika psbb dijalankan dengan benarbenar ketat layaknya lockdown ekonomi warga akan luluh lantak rakyat
405,terkait kebijakan psbb pemerintah seperti kebingungan karena tak ada data yang jelas dan terukur terkait penerapann
406,walaupun memang benar upayaupaya yang dilakukan pemerintah indonesia saat ini masih jauh dari sempurna psbb yang
407,apalagi kemudian ada tambahan statement dari menkopulhukam bahwa psbb yang kini sedang berjalan aturannya akan dilonggarkan
408,tetap menjaga jarak memakai masker jaga kebersihan dan imunitas diri jika memang tak ada pilihan lain
409,namun kita akan ada dalam situasi kenormalan baru atau the new normal artinya pembatasan sosial berskala besar
410,wajar korona bertambah suruh rakyat mematuhi aturan psbb satpol pp
411,sabar tunggu psbb kelar kalau sudah kelar baru itu baku hantam
412,mana orang bopic yang suka belanja ke sini niskala foto suasana para pedagang dan pembeli
413,lupa psbb saya inginnya ke gramedia jalan jalan me time sendiri malah drive thru sama online
414,apakah ini hasil dari penerapan psbb luar biasa perjuangannya lalu rakyat menunggu apa
415,kondisi saat ini tidak perlu psbb yang penting jaga jarak pakai masker itu saja sudah cukup virus ini
416,halunya jadi semakin tersalurkan seperti sekarang hei kamu psbb
417,ya memang tidak perlu sudah tepat kalau mau laksanakan psbb harusnya jadi pemimpin yang peka itu minggu pertama covid
418,ya lu enak psbb lu kan mahasiswa anak orang seperti kalau karyawan yang dampak nya dirumahkan diphk mereka
419,dana bantuan belum rata sudah psbb saja
420,provinsi paling kafir ini pinjam istilah kadrun paling sukses tangani covid kok bisa selalu ikuti arahan presiden
421,terus apa gunanya psbb
422,lockdown psbb itu sudah tidak benar sekali bagaimana ceritanya yang sehat malah dikarantina
423,apakah benar beritanya soal tanggal penerapan psbb di malang
424,bawa masker sama handsanitizer psbb
425,menurut dedi penanganan corona dengan berbasis kearifan lokal sebab kultur antara kota dan kabupaten yang mayori
426,ini yang match pada ngajakin jalan semua begitu saya bilang psbb mereka bilang santai saja keluarga saya kerja sih
427,psbb jabar berakhir tanggal mei dan tidak diperpanjang
428,disdamkar kota bekasi melaksanakan kegiatan psbb guna mencegah menyebarnya pandemi virus corona atau covid
429,ketegasan tanpa kerasayan harus diterapkan jangan berpolitik dalam covid ini kami sepakat untuk menerapkan konsistensi
430,modus pungli saat psbb jual paksa sticker kawal biar lolos pos pemeriksaan
431,aturan pemerintah psbb kenyataannya biasa saja rakyatnya stres menyalahkan psbb tapi ya tetap saja kelayapan tidak ada gunanya
432,jokowi bingung pasien positif corona tambah banyak disaat psbb diberlakukan masih mau ada rencana pelonggaran
433,aku pikir di pasar baru kalau pasar baru tidak mungkin disitu tempat razia psbb tidak taunya itu tempat di pontianak
434,menangis sekali saya lihat notif email sama chat dosen masalahnya kalau bertambah konten saya harus observasi lapangan
435,psbb diantara catatan evaluasi dan rencana pelonggaran atas dasar ekonomi
436,wah jangan begitu dong pak doni harusnya yang dapat apresiasi jempol itu pak mentri nya psbb dki jadi
437,sebuah komparasi kritis antara anjing peliharaan dan pelaksanaan psbb
438,psbb dilonggarkan yang ada kedodoran eh bpjs naik lagi katanya
439,pemerintah mempersiapkan relaksasi atau pelonggaran psbb langkah ini agar perekonomian bisa tetap berjalan di tengah
440,lupa masih psbb nanti kita di siram damkar
441,psbb masih pada bandel terus juni psbb mau dilonggarin serba salah tapi tidak menghilangkan opsi cari mati sendiri ramai
442,yang bikin psbb tidak berjalan sesuai rencana itu yang bikin psbb tidak menuhin kebutuhan pokok warganya
443,kalau perlu satu tahun sekali dilaksanakan psbb
444,bersatu lawan corona disiplin dan patuhi psbb agar corona segera sirna
445,psbb selesai mau seperti begini saja selama jam tidak apa apa
446,enak bagi yang tidak alergi udara dingin lumayan semenjak psbb jadi balik adem lagi bandung mas
447,tidak ada psbb tapi pemberlakuannya seperti psbb jalan utama pada diblokir
448,kok sejak psbb sampai sekarang internetnya lemot sekali min sudah pernah diaduin kak cs juga tapi hasilnya sama saja
449,bpjs naik ditengah pandemi jangan heran yang tidak punya beban apa kabar yang kena phk ditengah pandemi
450,saat psbb penting pakai tabir surya
451,tidak perlu buru longgarkan psbb kecuali sudah menampak penurunan kurva positif corona
452,katanya rumornya karena banyak yang tidak taat psbb bakal diubah skenarionya jadi herd immunity
453,pemberlakuan wfh dan psbb masyarakat kian tergantung internet dan konten digital
454,sanksi untuk pengendara yang melanggar pengendara mobil sepeda motor dan pemilik angkutan umum yang melanggar
455,hanya sektor yang diizinkan untuk tetap beroperasi selama psbb seperti yang tercantum dalam pergub nomor tahun
456,perang lawan wabah covid harus cerdas dan lengkap layanan kesehatan untuk pasien testing massal ponsel
457,putar balik psbb tidak usah memantau orang
458,gedek tidak sih lihat berita beginian seperti menyakiti hati rakyat kecil yang patuh sama psbb
459,bawa pemudik begini modus angkutan umum mengelabui petugas psbb di perbatasan
460,mayoritas pelanggar di jakarta pusat karena tak memakai masker dan berkerumun
461,psbb saja masih pada nakal
462,tidak usah bangga ya pak dengan psbb yang buat tidak ada pergerakan covid itu immunitas warga
463,dan pemda bekerjalah serius menyelesaikan pandemi covid banyak pelanggaran psbb
464,masa saya mimpi sering jadi terbengkalai begitu gara gara psbb menahun
465,ada yang punya adek masih sd selama psbb adek kalian belajarnya jadi bagaimana apakah belajar via zoom
466,psbb besar anggaran doang bancakan bansos
467,bukan mendadak sontak dilonggarkan biasanya banyak yang duka goreng itu tolong dicatat pelonggaran baru
468,psbb oleh anggota dewan dianggap gagal jadi dari arti sebenarnya pun psbb pernah sayang belum berjodoh juga artinya gagal kan
469,pelanggar psbb wajib diberi sanksi sosial kata mendagri
470,sudah jilid tapi seperti tidak psbb sudah diluar
471,jokowi saja bingung apalagi saya jawaban serius sebuah kebijakan akan berjalan
472,psbb sini di rumah saya saja
473,semua semua serba mencla mencle tidak masalah psbb tidak bpjs
474,mengeluhkan orang orang kok tidak takut sama psbb semuanya keluar naik kendaraan dari kendaraan sendiri dasar saya
475,pemerintah diminta tidak terburuburu melonggarkan psbb hanya karena kasus covid cenderung melambat
476,seorang pelanggar psbb di jakarta pusat menerima sanksi memakai rompi oranye dan memungut sampah
477,katanya psbb terus kalau naik motor tidak boleh boncengan masih banyak itu di jalan
478,jangan buru kendorin psbb kalau kasus positif sudah tidak ada kalau masih ada dan cuma berkurang mending perpanjang
479,jujur pertama kali ngerantau dan sudah planning buat exodus buat pulang ke malang dari jakarta tanggal
480,meski psbb bpjs kesehatan tetap terapkan verifikasi klaim secara manual
481,bpjs ditolak naik bpjs dinaikan juli untung psbb heran psbb masih tinggi sebaran bangun infrastruktur
482,oke sayang sabar psbb mall tutup ini
483,tidak bisa lebarannya psbb
484,memang perlu di semprot mcd sarinah juga sekalian dua dua nya salah stop comparing kalau tidak pada diam di rumah
485,tidak sih oma kan psbb jakarta dari maret aku teh tanggal maret pulang sudah ada kondangan di bdg tanggal memang untuk
486,psbb yang sudah disetujui oleh menteri kesehatan untuk malang raya segera dilaksanakan
487,lagi psbb tidak boleh giveaway dulu
488,menjelang psbb malah makin ramai saja ya bukan malah makin sepi
489,mau tapi sedang psbb
490,bulan ramadhan dan selama masih ada psbb saya tidak tau mau bikin konten apa alhasil sama
491,apa rencana kamu jika psbb berakhir kawin tobat jadi orang baikbaik atau berhenti polygami
492,presiden evaluasi pelaksanaan psbb secara menyeluruh
493,ikuti aturan psbb kalau kita sayang kesehatan
494,mahasiswa ui ciptakan drone untuk bubarkan massa kala psbb covid
495,ada yang benaran kena sanksi dari regulasi psbb tidak sih ini ramai sekali infonya masyarakat berkegiatan diluar rumah
496,wisuda rencana akhir maret tapi ternyata sudah pandemi duluan kalau tau begitu juga
497,rapid tes identifikasi positif isolasi terinfeksi pemetaan wilayah aman psbb ideal
498,positif saja mungkin dia lagi ngumpet takut ketawan psbb
499,kota sudah masuk psbb daring juga diperpanjang yaallah
500,psbb perekonomian sudah babak belur
501,ada apa sih aku tidak tahu aku di rumah terus dari awal psbb sekalinya keluar cuma cgk pnk itu pun tidak walk
502,ini bisa kontak kesitu biasnya kita setiap bulan ada tes cuma kalau lagi psbb
503,tidak menyambung apa urusannya sama pas tidak psbb ke masjid
504,wali kota bekasi menegaskan akan memperpanjang psbb untuk ketiga kali pada hari terakhir psbb tahap kedua di kota
505,di saat psbb sambat bareng bareng tiba tiba ada berita iuran bpjs mau dinaikkan luar biasa
506,psbb ya kok macet begini padat sekali
507,saya juga bahagia akhirnya bisa bawa barang barang kosan ke rumah melewati penjagaan psbb
508,pas psbb ditiadakan keluar rumah orang orang sudah sukses saja
509,pemkot jakut terapkan sanksi bagi pelanggar aturan psbb berita jakarta
510,padahal kemarin ada pelonggaran psbb
511,melanggar psbb
512,tutup kak terkait penerapan psbb di jawa barat
513,polda jawa barat mencatat petugas gabungan membubarkan kali kerumunan orang selama pembatasan sosial berskala besar
514,tidak boleh mendekat psbb
515,ncid nilai kebijakan pelonggaran psbb aneh
516,yaallah mau menangis mau pergi keliling sendirian terus berakhir makan sendirian dipojokan tapi lagi psbb tapi sudah
517,auto mematuhi aturan psbb
518,di tasik psbb sepi tidak macet iya
519,sebelum jam ya psbb
520,karantina wilayah tidak mampu akhirnya buat aturan psbb ala karantina wilayah modus
521,apa itu psbb samarinda harusnya psbb tapi masyarakatnya masih banyak di jalanan
522,harusnya bisa ditoleransi secara logika malah harusnya segala kewajiban pajak
523,ketawa lihat pendapatmu iya tau pemerintah kerja cuma yang seperti begini
524,tungguin saja asal kdd psbb kuantarkan bjb kayaknya hari jumat ini mulai psbb jua
525,belum lagi mulai banyak narasi soal pelonggaran psbb puncaknya saja belum dilewati kok ya mengomongkan pelonggaran
526,ini psbb apa tahanan kota pakai suratsurat ribet
527,psbb kayanya tidak berlaku buat ojol sudah baru keluar rumah buat ke kantor pln terus lewat barengan sama puluhan ojol
528,aku sebelum psbb di kantor pesan sutei padahal bawa bekel saking sudah tidak tahan cip ke gancit tutup memang
529,sebelum aturan psbb sebelum ada aturan menteri bumn
530,pandemi psbb lockdown di rumah saja ekonomi ngadat negara utang lagi rakyat tetap tidak bekerja pajak naik semua
531,lebih aman di tambah psbb bulan lagi atau tahun lagi pasti aman
532,sampai saat ini juga kuantitas tes yang ditargetkan tidak tercapai penerapan psbb juga kurang tegas buktinya masih ada
533,sudah mulai melandai sejak akhir april lalu penambahan kasus menurun angka kesembuhan meningkat tingkat
534,pandemik covid dan imbauan pembatasan sosial berskala besar psbb oleh pemerintah
535,beda dengan psbb pkm bisa tingkatkan perekonomian
536,hentikan saja psbb jeritan rakyat menengah kebawah semakin kencang bagi pns dan kelas menengah ke atas
537,psbb cimahi berasa ada pawai obor macet
538,sudah dibilangin tidak usah main di rel lagi bulan puasa lagi psbb juga
539,dampak pemberlakuan psbb pendapatan ojek online turun drastis hingga persen ya memang harus diakui sejak psbb
540,pulang sini lagi psbb tidak boleh keluar
541,sih puyo kalau diajak tugas lama sekali puasa juga tidak diajak streaming film saja lancar jaya seperti jalanan pas psbb
542,ahli jangan longgarkan psbb jangan mimpi pandemi berakhir juni
543,bagaimana mau covidnya terputus kalau masyarakat tidak disiplin pemerintah tidak beri pangan psbb apapun namamu tidak berarti
544,psbb jilid sidoarjo makin ketat butuh restu rtrw jika mau keluar rumah
545,sempat terbesit anjir percuma diam di rumah kalau psbb begini orangorang masih keluar rumah dan ujung nya herd immunity
546,pemerintah daerah diy belum mengajukan psbb menegaskan yogyakarta masih menggunakan status tanggap darurat
547,psbb di kabupaten dedi mulyadi terlalu banyak yang harus dikorbankan
548,puasanya sih tidak berat yang berat psbb nya
549,workout mandiri ya dirumah bosan sekali tapi kalau psbb berhenti khawatir outbreak lagi
550,malang psbb kok nyalon
551,tidak boleh boncengan psbb
552,nah motif anies menyerang terawan adalah karena terawan lah yang mendorong psbb diberlakukan berbeda dengan motif
553,siapa yang dipantau name by name tunjukkan data pemantauan tidak ada sama sekali berarti bohong persis
554,di malay begini ini yang di indonesia pada tidak mau dicekin itu barangbarang yang ada di mall para tenant yang buka pertama ada
555,maka negara pun memberi bantuan berupa aneka subsidi seperti listrik air gas dan pengaturan pembayaran hutang
556,ternyata di belakang jokowi ada bemper yaitu terawan agus putranto psbb pun yang diberlakukan psbb hanya mengatur
557,dana yang sudah masuk ke dki dengan seenak perutnya menggunakan apbd seperti kasus formulae bebas penerapan psbb
558,regulasi menteri perhubungan permenhub soal larangan mudik hanya berlaku untuk daerah pembatasan sosial
559,iya tidak akan diperpanjang cuman nanti ikut psbb pulau jawa
560,adanya psbb sebenarnya berpengaruh atau tidak
561,setiap orang yang melanggar larangan melakukan kegiatan keagamaan di rumah ibadah dan atau di tempat tertentu
562,teguran untuk yang shalat berjemaah pemerintah provinsi dki jakarta akan menegur warga
563,tidak boleh psbb
564,tidak ada duit dek belum bisa mangkal masih psbb
565,pasal ayat indonesia negara hukum berarti negara harus tegas selama bikin aturannya yang baik psbb
566,kalem dulu lihat trend nya dulu kang pelonggaran psbb kasus positif meningkat waspada second wave
567,saya enek sekali asli lihat corona disini hampir bulan dirumah bokap saya sakit mau tidak mau tidak bisa kerja keluar karena memang
568,ini psbb presidennya sontoloyo banyak berulah
569,pengendara mobil sepeda motor dan pemilik angkutan umum yang melanggar aturan psbb juga dikenai sanksi denda hingga derek
570,takut razia psbb mungkin
571,pengemudi ojek online yang nekat mengangkut penumpang saat psbb jakarta akan dikenai sanksi denda maksimal rp
572,kemarin saya baru beli jam tangan belum sempat di pakai besoknya sudah psbb
573,dpr meminta pemerintah hatihati longgarkan psbb
574,lebih baik politisi saja siapa tau psbb cepat kelar
575,meskipun tak bisa denda polisi bisa pidana pelanggar psbb sesuai pergub dki
576,saat ini daripada ngarepin psbb yang suka tidak suka pasti harus berakhir
577,samasamaa kak tidak psbb sih cuman daerah tertentu begitu pada ditutupi jalannya
578,tolong bikinnya jangan psbb biar saya ke bekasi
579,bubarkan saja psbb tidak ada gunanya
580,buruan main sini psbb mau dilonggarin nih
581,akibat psbb terlalu lama
582,selama psbb mengapai saja aku
583,psbb saja morat marit apalagi diterapin lockdown mana tuh seleb yang kemarin teriak lockdown
584,masyarakat diimbau untuk terus disiplin menerapkan pembatasan sosial berskala besar psbb
585,ke cirebon dulu ye psbb
586,jadi pesimis tidak sih psbb dilonggarkan iuran bpjs dinaikkan kembali aku yang rakyat jelantah makin terjelantah
587,psbb oh psbb yang jauh tambah jauh dong
588,hey kalian yang masih tidak mengikuti aturan pemerintah buat jaga jarak psbb stop mudik dll
589,kan simi simi psbb
590,kamu sudah terbiasa psbb sudah setahun nih
591,perampokan sistematik berskala besar psbb
592,mengingat tingkat penyebaran yang cukup tinggi terjadi di ibukota akan tetapi hingga kini belum ada efek efektif
593,butuh peran tokoh masyarakat guna efektifkan psbb utas local strongman dalam psbb
594,belum sempat beli masker karena psbb
595,iya sampai juni nah kan duit darimana kalau psbb begini
596,kebosenan psbb
597,mau tanya ini memang kalau psbb jalan utama itu ditutup juga ya dari waktu yang sudah ditentukan begitu
598,sudah cukup adakan inter proyeksi psbb cancel psbb malah dijadikan kesempatan ikut nyemil sembako dan basis
599,yuk kak nanti habis corona sama psbb selesai kita kulineran
600,psbb psbb tahi kucing lah mari bukber ayam goreng paket kumpul jam jangan telat
601,makin lama psbb aku semakin mendalami skill menjadi batu
602,akun ini psbb untuk beberapa jam kemudian
603,mcd artha pesan lewat mamang ojol tidak kalah serunya sambil menunggu sambil pantengin gps mot
604,tak sedikit yang merasa jenuh tapi tentu ada saja yang malah tak mau masa psbb berakhir mengapa demikian
605,kena psbb tidak bisa jalanjalan
606,bnpb juni covid bisa turun asal warga patuh psbb
607,psbb pembebasan sosial besar besaran
608,dapat voucher fit tapi pas sekali sebelum psbb apakah dirumah saya tetap olahraga ya tidak
609,tolong kang emil untuk kab bandung tolong pantau secara serius jangan fokus di kecamatan yang di berlakukan psbb
610,yaampun psbb sayang
611,apalah daya daerah ku yang konon katanya psbb kenyataannya pada keluyuran
612,pemerintah harus lebih memperhatikan lagi masyarakat yang terdampak corona dan psbb
613,psbb saja banyak yang protes banyak yang melanggar ini baru semi lockdown bagaimana kalau lockdown benaran
614,aktivitas seharihari dapat dilakukan sesuasi protokol psbb
615,kan psbb bukan locdown jadi wajar kalau masih banyak yang keluar rumah dan jalan jalan
616,jangan dekat dekat lagi psbb
617,sayang data lama yang ada pakai buat penyalurannya ukm terdampak tak terdata jadi terkapar
618,siapa yang sudah rindu kuliah di kampus makan di canopy diskusi di perpus semoga wabah covid ini cepat berlalu
619,psbb tidak boleh lewat
620,psbb diam rumah
621,jangan lupa psbb
622,psbb atau tidak kok sudah mulai sama saja sih disini
623,kota malang hari ini heboh dengan psbb yang katanya di mulai pada sabtu mei harus bagaimana lagi menyikapinya
624,alhamdulillah puasa malah makin berisi alhamdulillah eh pwt psbb gaksi mau kesana tapi taku tidak bisa keluar dari pwt
625,mobilnya unyil masa psbb cuma bisa orang kapan supir nyonya di belakang mosok yang lain di bagasi
626,psbb hanya untuk orang miskin yang berduit pada ngumpul depan resto fastfood
627,ya tidak masalah makin lama orang pengin psbb ingin ini itu makin cepat saya melihat orang jarah jarahan
628,positif thinking di depan ada polisi jadi menunduk biar tidak ketahuan melanggar aturan psbb
629,tidak boleh longgarin psbb tapi rakyat dikasih makan kalau pas pemilu orang gila saja suruh nyoblos
630,pelanggar psbb jakarta bakal pakai rompi oranye mirip tersangka kpk
631,bang di daerah saya sudah tidak seperti psbb mengerikan lah lihatnya tapi benar ya angkutan
632,psbb di bogor sudah memasuki jilid iii bagaimana menurut anda
633,enak sih kalau dari kemarin pas ada kumpul di mcd sarinah dendanya bisa buat kasih sumbangan ke yang butuh sampai pandemi selesai
634,ingin vila aku malah diperpanjang psbb
635,bayangkan psbb sampai tahun atau sampai akhir tahun
636,di pekanbaru tidak ada katakata gebruk psbb malahan ditambah untuk di tempat lainnya
637,setidaknya ada tiga indikator yang dapat diacu pemerintah sebelum melonggarkan psbb
638,penerapan psbb telah berhasil menurunkan jumlah angka kasus baru
639,jogja tidak psbb
640,ayo sahkan saja semuanya termasuk ruu cilaka mumpung rakyat lagi di psbb mumpung ada corona
641,apd masih harus di pakai tapi psbb sudah di longgar kan pak boleh tidak kami gantian wfh
642,lagi psbb hyung kalau kangen tolong putar balik besok kesini lagi
643,butuh beberapa untuk bisa trip lagi semenjak psbb jadi sulit
644,psbb sob dilarang keluar sob
645,membingungkan psbb dilonggarkan penanganan covid bisa ambyar
646,mudah mudah an ini cuma prank pemerintah untuk mengurangi bosan gara gara psbb
647,gara gara wfh dan psbb saya jadi apa apa belanja online segala daging telur sayur buah minyak sabun skincare minuman
648,rakyat harusnya istana berpikirnya logis kurva melandai jika psbb diperketat
649,ya karena jumlah test pcr di daerah psbb naik kalau mau tidak naik ya jangan ditest
650,operasional rumah singgah tunggu status psbb
651,ya memang lihat saja yang berisik tapi habis perpu diam berisik habis psbb implement terus tidak galak lagi
652,besok saja katanya mulai sabtu psbb nya
653,jawabannya ini non jokowi bingung sudah psbb tapi yang postif corona bertambah netizen heran
654,psbb hanya untuk orang yang tidak percaya diri dilan
655,ternyata psbb baru mau di terapin di pulang lah aku sudah mau dua bulan di rumah saja
656,lah memang psbb sudah mulai ya sudah mau dilonggarkan saja
657,inti psbb adalah ketaatan masyarakat melakukan psbb bali tanpa psbb tapi kuatnya desa adat
658,saya kaget sudah psbb tapi masih naik terus yang positif mendingan dilonggarkan saja
659,psbb pemerintah bikin bingung
660,pemerintah ambigu rakyat bingung psbb kacau
661,sekalian saja izinin kerja lagi toh pada tidak nurut sama psbb juga muak tidak sih hampir bulan masih begini begini saja mau sampai kapan
662,psbb apaan orang masih banyak yang berkeliaran
663,kurang piknik gegara psbb piknik di kamar saja bahagianya sampai mau mampus btw yang bisa editin boleh kali
664,psbb atau tidak sama saja sama sama masih ramai jalanan sama sama tidak ada yang gubris sama sama macet sama sama sama
665,inilah bagian dari kebijakan paling dungu dalam usaha mencegah dari pemerintah
666,sgc sudah kembali normalkah disetiap harinya pagi sampai sore orang orang berbelanja di sgc dan ramai apakah sudah
667,astagfirullah anak tetangga aing hari begini menangis jejeritan tidak tau jam istirahat orang apa ya psbb bikin stres
668,habis psbb tetap tidak boleh mudik mampus
669,baru sadar ternyata pengumuman sanksi psbb kota bogor pakai style desainnya pubg berasa lagi battle royale lawan corona
670,negara lain bisa melonggarkan sistem lockdown ya karena sebelumnya mereka bisa mematuhi peraturan
671,saya meminta kepada semua kepala daerah untuk membuat aturan seperti perda peraturan daerah kepada pelanggar psbb
672,banyak orang shock secara ekonomi menghadapi efek psbb karena masih berpikir sebagai pencari rejeki
673,sebagai warga negara yang baik kita tidak mengadakan lagi bukber guna mengikuti anjuran pemerintah untuk social distancing
674,astaga memang tidak boleh lagi psbb tapi kalau online tidak apa apa
675,psbb jilid next sampai jilid ke ya sepertinya
676,psbb jangan berkepanjangan kalau prosedur penangan covid sesuai who maka tidak akan kelar sih
677,miris psbb hanya berlaku untuk rakyat kecil yang berduit mah bebas
678,semua sudah diperkirakan dengan memainkan anggaran psbb sama sih abas
679,kayanya di garut doang sudah psbb car free day
680,papua dprd mimika dukung pemda lakukan psbb di tembagapura
681,walaupun saat ini masih dalam psbb dan harus pakai masker namun untuk pembayaran
682,pagi juga kadang ada kadang tidak psbb setengah hati ini bang
683,percaya sudah ini itu kue churos karena psbb jadinya tidak beli alat alat cuma pakai plastik lontong terus ujungnya digunting
684,belum sempat buka lapak lagi dalam psbb mbak
685,masih psbb jangan lepas masker tolong
686,keras kepala sekali anda sudah berapa kali ku bilang ini sedang psbb
687,bali tanpa psbb tapi dengan kuatnya desa adat lebih berhasil mengendalikan covid
688,boleh kok pulang ke kampung tapi ke kampung melayu kampung pulo kampung rambutan kampung dukuh
689,psbb pendapatan saya babak belur
690,taati peraturan psbb
691,hari ini kembali saya lihat tka china masuk kembali bekerja sementara psbb baru akan mulai dilakukan kenapa begitu
692,temukan pelanggar jam malam psbb tim satgas covid lakukan penertiban
693,warganya sudah siap berdamai damai dalam artian masih ada physical distancing dll psbb saja masih tidak tertib
694,kayaknya kita psbb sudah pernah sayang belum berjodoh
695,semuanya pasti bosan dan lelah dengan psbb karantina apapun itu tapi percayalah kalau kita semua bisa dan patuh
696,kan psbb tidak boleh boncengan beda alamat
697,bingung saya mau mengomong apa disaat anda sangat peduli dengan wabah covid
698,mumpung psbb akhirnya jeritan abstrak di alas roban menjadi konkret
699,itu sampai akhir juni ya lagi psbb begini tidak dapat jajan
700,masih mau longgarin psbb masjid dibuka
701,ada lagi psbb omong kosong gerakan apa lagi ini kesal kalau ada yang kontradiksi tapi benar begini
702,semua dinaikkin saja pak presiden terus uangnya buat ramai ramai sudah pandemi belum hilang masih sempat nya naikin lagi
703,semenjak psbb diberlakukan polisi menghimbau untuk semua warga tetap berada dirumah
704,next month kalau psbb selesai saya ke bandung semoga bisa ketemu kamu di sana
705,sudah saya bilang lagi psbb saya suruh balik semua ke rumah masih
706,ini sih seharus nya pom bensin nya juga di psbb saja biar pada tidak punya bensin tidak keluar jeluar sudah
707,kalau psbb jakarta bakal diperpanjang lagi dan saya masih harus wfh sampai juni saya mau cat rambut
708,sama pengin kekosan tapi lagi psbb
709,imbauan pembatasan sosial berskala besar psbb sehingga membuat masyarakat banyak tinggal di rumah
710,kepala bnpb pelonggaran psbb harus hatihati dan tidak boleh terburuburu
711,info buat kita semua harap di perhatikan walaupun saat ini jabodetabek sedang psbb dan harus pakai masker
712,orang orang berbicara masalah mcd sarinah ngeri amat padahal belum tentu yang komentar itu hidupnya sudah selalu benar selama psbb
713,psbb tapi tidak ada yang jaga di cekpoin
714,jauh jauh mencari masker dari bekasi ke depok masa dengar berita psbb mau dilonggarin tunggu dulu bulan lagi nih jabodetabek
715,memang tidak tau buktinya sampai sekarang dana covid belum turun padahal banyak warga yang terdampak akibat psbb
716,psbb sebenarnya sangat efisien untuk mengurangi penularan covid jikalau masyarakat bisa saling bekerja sama untuk menaati aturan yang sudah dibuat pemerintah
717,psbb useless
718,ke rumah aku tidak psbb
719,psbb tidak boleh bertemu
720,kita sudah berusaha menerima damage sana sini hanya untuk psbb bagi daerah yang melaksanakan ya tapi sepertinya hampir semua daerah melaksanakannya meskipun dengan penyebutan istilah yang berbeda disesuaikan yang tidak maksimal dan sekarang kita mau dilepas bebas saja begitu
721,tidak semua saja di psbb
722,kemarin saja diadain psbb ngeluh karena toko tidak ada pemasukan tiba tiba belanja buat baju lebaran astaga
723,psbb jadi gila
724,datanya harus bagaimana terserah bapak asli yang penting tolong membenahi jakarta segera biar psbb cepat selesai
725,aku buzzer yang menanti pemberian sedekah dari para dermawan yang tidak terdampak karena psbb covid
726,kena psbb tidak
727,untuk persiapan psbb
728,kota rantau saya baru mau mulai psbb
729,yang hingga saat ini masih diterapkan dan diberlakukan hingga waktu yang belum ditentukanpenerapan psbb tersebut berlaku bagi seluruh kalangan namun ada pengecualian dalam peraturan psbb telah disbeutkan bahwa mereka yang diizinkan
730,karantina wilayah dan pembatasan wilayah dan sebagainya pemerintah indonesia sendiri juga telah mengambil kebijakan sendiri dengan mengeluarkan aturan pembatasan sosial berskala besar psbb
731,sesuai regulasi mudahmudahan psbb di daerah terlaksana makin baik efektif bermanfaat optimal memutus penyebaran penularan tertular covid meminimalisir positif covid odp pdp semoga di nkri covid segera mereda serentak
732,jangan sampai kena psbb tapi semua gang masuk diportal seperti dibatasi begitu jam berapa jam berapa
733,ikutan bingung kenapa psbb cuma buat penduduk lokal
734,sudah tidak tau lagi mau mengomong apa lagi masa susah mencari duit iuran bpjs malah naik ada psbb tapi boleh keluar kota
735,lama sekali psbb kemarin selama minggu diawal psbb yang saya lihat cuma baca jumlah korban naik berapa mati
736,tidak kemana mana psbb
737,eh bentar dilihat nya cuma dari angka penularan doang padahal itu kan baru kedeteksi minggu lebih kalau misalnya mau valid harusnya melihat data minggu dari psbb berakhir
738,coba tunjukkan pada saya mana negara yang berhasil psbb tidak ada kan
739,psbb tidak bisa diperpanjang lagi nih
740,cek kebenarannya kadang saya jadi curiga sama media ke bpjs ah besok atau kira web nya sajakan lagi psbb
741,virus corona tidak menakutkan lagi kasihan keluarganya butuh makan bayar listrik akan lebaran ajaran baru butuh uang besar kasihanilah mereka bebaskan mereka psbb tidak efektif karena kebijakannya tidak sesuai sunnah rasulullah
742,jaga posko psbb
743,wfh saya psbb
744,kena psbb tidak kalau tidak ya sini saya kirim
745,psbb diperpanjang sampai bulan kalau jabodetabek mau kendorkan psbb tidak boleh soalnya duit saya belum cair
746,tidak psbb
747,soalnya di indonesia psbb bukan lockdown
748,wah psbb jadi lama
749,psbb tapi lama lama kehidupan berangsur berjalan normal terutama ibukota benar sih orang orang no longer takut dengan covid lebih takut besok tidak bisa makan pemerintah tidak selamanya bisa memberi bansos warga yang berkecukupan juga selamanya bisa terus sodaqoh
750,tau masalah mereka yang setuju melonggarkan psbb dan penerapan apa yang disebut herd immunity mereka punya bias parah seolah kematian tak akan mendekati mereka atau orang terdekat
751,pemerintah dengan tegas menyatakan mudik tetap dilarang untuk mencegah penularan covid dengan tetap mengacu kepada protokol kesehatan
752,psbb didaerah saya cuma berlaku hari pertama pas diumumin pas hari ketiga sudah langsung beraktivitas seperti biasa
753,ada psbb propinsi
754,kelamaan psbb
755,coba kebutuhan perlengkapan di rs rujukan covid di cek lagi yakin mereka tidak kekurangan karena kalau psbb diberhentikan yang bertugas di rumah sakit juga harus dijamin keselamatannya masa masker aja sampe reused
756,listrik naik bbm belum turun tarif bpjs mau naik psbb malah mau diperpanjang tapi yang saya heran diawal selama psbb harusnya diselesaian itu masalah corona rapid semua masyarakatnya
757,psbb di jakarta sudah berjalan dengan baik tapi diacak acak oleh manusia yang sirik dan julid sehingga ada aturan yang tumpang tindih membingunkan warga biar ada kesan anies yang salah
758,sudah benar kalau tidak tegas karena psbb itu kan pembatasan skala basa basi
759,jangan terlalu terjebak dengan tahun kebawah boleh bekerja kembali atau mei psbb tidak diperpanjang
760,masih mau dikendorin psbb
761,psbb diperpanjang tapi kantor kami memberhentikan wfh
762,apa bedanya ibadah dengan mereka yang melanggar sama pakai protokol covid
763,psbb udahan saya rindu cewek di sekolah
764,psbb atau tidak belanja tetap bisa
765,tampaknya msd mau jadi pahlawan dengan membuat dirinya seakanakan sebagai playing victim dia sengaja ulur ulur pemeriksaan dengan alasan psbb alasan yang mengada ada
766,anda harus tau teman saya benar benar berkurung di rumah pas dia keluar pertama kali dia teriak mana woy psbb
767,selama psbb baru kali ini keluar rumah pakai motor karena mesti ke pasar gila dimana mana macet parah bagaimana bisa jaga jarak
768,efek psbb menonton youtube sampai tamat
769,jauh sebelum ada psbb aku juga sering menonton sendirian dalam bioskop pada last show
770,nanti psbb akan diklarifikasi oleh sang mentri
771,bali hebat paling banyak orang asing paling sedikit korban tanpa psbb lagi suruh belajar ke bali
772,pelanggar psbb wajib diberi sanksi sosial kata mendagri
773,beraktvitas apa dulu di saat psbb masih berlangsung ada intruksi beraktifitas
774,apa kira kira psbb ditinjau ulang saja tambah bingung lagi
775,saya mau sudah psbb dibioskop menonton sendiri tidak apa apa
776,biasa nya kalau sudah tinggal mendekati lebaran pas lihat tv berita pasti semua tentang mudik sudah mulai ramai sekarang liat tv berita tidak jauh dari korban corona kalau tidak pelarutan psbb
777,psbb jakarta tidak ada gunanya hanya bikin miskin dan lapar warga cuma bikin enak pns makan
778,tak ada psbb di bali padahal di situ banyak turis asing tapi penyebaran virus corona vc tak sedahsyat di jakarta
779,susah juga cari makan jam segini pas lagi puasaan psbb
780,lagi psbb
781,alhamdulillah psbb tidak usah mudik biar tidak ditanyain kapan nikah terus
782,semakin lama psbb saya semakin wibu
783,kan masih psbb tidak jelas
784,akibat pejabatnya terapkan psbb semua pedagang kaki lima di gusur jual masker juga digusur
785,lifehack nowadays for mudikers selama psbb masih berlangsung no debat
786,psbb belum diterapkan
787,nope keputusan itu ada ditangan pemerintah negara bagian federal bisa membantu perduitannya mirip psbb daerah yang mengajukannya untuk disetujui pusat atau tidak eksekusinya tetap di pemda
788,coba tidak ada psbb begini hari saya sudah di warung kopi mesen es teh manis gelas
789,psbb jangan cuma di jalanan tapi di kantor atau pabrik
790,di batu banyak yang bukber dengan santai apa itu covid apa itu psbb
791,relaksasi psbb bisa menimbulkan wabah virus corona gelombang kedua katanya memangnya yang gelombang pertama sudah selesai
792,psbb tidak jelas aturan hukum dengan nama baru untuk ngakalin amanat karantina wilayah
793,kasih juga teguran sama pemda yang kalau dalam pelaksanaan psbb tidak becus
794,psbb di surabaya tidak fungsi sama sekali kasian itu yang pada dirumahkan tidak bisa kerja cicilan jalan terus
795,jika suatu daerah mampu tanpa psbb silakan saja tapi terlalu beresiko tapi utamakan keamanan warga bapak
796,bingung sepertinya kemarin baca berita jokowi bilang daerah tidak boleh buru buru melepas status psbb aneh
797,longgarkan psbb bukan artinya tka cina bebas masuk  tutup semua penerbangan dari ke luar negeri
798,hubungannya transportasi sama psbb apaan
799,palembang sudah psbb
800,tidak diganggu pemudik berarti mudiknya tetap tidak boleh ya walaupun satu wilayah jawa barat
801,tidak tau kita jadi pelonggaran psbb apa tidak sudah malas baca berita hari ini sih ini mengomong begitu besok itu ngomong nganu bingung
802,ini melanggar check point psbb
803,sudah mana melanggar psbb terus tidak pakai masker jalannya jauh lagi
804,apa yang kamu akan lakukan jika psbb ini disertai kerusakan signal yang menyebabkan internet mati
805,gabut lagi psbb
806,bagaimana jaga psbb saja office hour istirahat jam
807,shift on off sudah dari awal psbb sampai tidak tau kapan seminggu masuk dua kali atau tiga kali
808,yang aku lihat dan aku rasakan ada psbb atau tidak ada psbb tidak ada bedanya
809,ya psbb pun tetap ramai kerumunan sore hari cari untuk berbuka saya dirumahkan saja sudah bulan
810,psbb palembang dimulai
811,sekelompok orang yang cara mikirnya beda sama konsep psbb yang bertingkah yang dibilang bikin drama mcd
812,yang aku sebenarnya masih tidak mengerti dari negeri ini adalah kenapa psbb baru boleh diterapin kalau yang positif sudah banyak kenapa tidak sebelum itu saja bukannya mencegak lebih baik dari mengobari
813,manusia satu ini tak melihat persoalan rakyatnya yang sedang dirundung masalah mulai dari phk ekonomi hancur bbm belum turun walau mintak dunia sudah turun sekarang tersandera akibat psbb dan rezim dengan diktatornya iuran bpjs koplak
814,pak presiden psbb karena corona saja kita pada kena phk buat makan saja kita susah ini bpjs naik ya allah
815,tanggal masih masuk bodo amat selesai psbb langsung balik rumah pokoknya
816,kira kira lebih pilih mementingkan korbankan urusan perut atau korbankan urusan nyawa dalam menyikapi pelonggaran psbb ini
817,psbb bodebek hari ke tertular baru jadi orang
818,semoga bukan hanya mengurangi virus corona tapi bisa memutus penyebarannya dan akhirnya malang raya dari penyebaran wabah
819,logika yang dipakai pemerintah mah terbalik psbb dilonggarkan dengan harapan kurva turun pakai strategi harapan padahal harapan itu bukan strategi
820,ya itu namanya framing pembaca digiring untuk mempercayai judulnya padahal isinya perintah agar kepala daerah saling mempelajari kenapa kondisinya daerahnya flukluatif baik yang psbb atau tidak tapi yang didengungkan di medsos adalah kata bingung
821,psbb jabar sampai mei aku ingin keluar
822,wfh diperpanjang karena psbb jabar belum kelar saya sudah mager sekali mantengin komputer
823,psbb tidak boleh ramai
824,psbb tapi perlakuan seperti lockdown resiko kalau hidup di negara miskin banyak hutang
825,terlebih saat ini pemerintah telah menetapkan sejumlah wilayah diberlakukan pembatasan sosial berskala besar psbb
826,psbb palembang ojol dilarang menarik penumpang
827,masih tetap mengingatkan psbb
828,pelaksanaan psbb serta penindakan lokasi pasar tanah abang
829,main main sudah ke jaktim daerah kalimalang pada bambu rawamangun cawang otista kp melayu tidak ada psbb
830,jika tidak ada perubahan psbb akan diberlakukan mulai sabtu mei selama hari
831,cibubur ramai sekali today masih psbb tidak sih ini tidak seperti
832,jangan salahkan bupati jika kena covid psbb belum dimulai sudah cuci tangan duluan
833,tidak boleh lagi psbb
834,sabar menunggu psbb langsung jalan
835,selama psbb seluruh kegiatan masyarakat di luar rumah akan dibatasi untuk memutuskan rantai penularan covid
836,pelanggaran aturan psbb terjadi di jakarta
837,dirimu telat pak meresmikan psbb
838,corona di jabar diklaim menurun ridwan kamil sinyalkan pelonggaran psbb
839,keluarga saya di perum narogong kota bekasi positive dan dirawat di rumah sakit karena covid tiap hari malah makin bertambah apa masih efektif penerapa psbb
840,jakarta gubernurnya cuma berkoar ke media
841,sudah sejak grombol di sarinah itu saya makin enek terserah sudah kebijakan apa yang dibikin pemerintah intinya hanya memberatkan menengah kebawah kenapa tidak dibubarin ngeluarin psbb biar kelihatan kerja saja begitu
842,dampak wabah virus corona sangat dirasakan bagi kusir delman atau dokar yang tak dapat bekerja lantaran tidak adannya warga yang menaiki delmannya karena psbb ini membuat kondisi kuta kuda delman terlihat memprihatinkan
843,masih psbb
844,kesal maksimal asli penanganannya super duper buruk psbb sampah terus selama ini saya n keluarga bulan di rumah itu apa pegawai pemerintah itu bejibun tolol banget kesal kaya tidak ada kerjanya
845,ayo warga kurang mampu yang kebutuhan makan tidak tercukupi kalian boleh langgar psbb lalu bisa makan sepuasnya di dapur umum
846,tidak boleh kak psbb tutup jam indormaretnya
847,sebel setelah psbb
848,padahal sama psbb pada girang sekali padahal itungannya mengasih power sama yang berseragam
849,indonesia perpanjang psbb perpanjang yang nantinya akan diperpanjang dan dipanjang panjangin lagi
850,sama gara gara psbb jadi lebaran di rumah saja sedih
851,di bali ini sudah mau ada pkm tanggal mei ini semacam psbb dengan kearifan lokal luar biasa
852,sedih seperlunya saja seperti apa sudah ada diberita juga masih akan ada kemungkinan buka lagi dan tidak harus mengorbankan kumpul di masa psbb ini yang punya memories tidak situ saja
853,dompet psbb menangis
854,aku juga tidak setuju karena konteksnya psbb kalau misalnya ini tongkrongan ada tertibkan dengan cara itu tapi konteksnya bukan psbb saya sudah pasti kontra
855,labelnya harus tetap psbb pak menghindari kewajiban teknisnya boleh saja sama dengan karantina wilayah atau karantina rumah
856,walau psbb aku duduk di depan karena mama aku bilang tidak mau di bilang supir kalau aku duduk di belakang
857,pelonggaran psbb bikin investor khawatir ihsg tertekan
858,pidatonya saja terlihat bagus di lapangan amburadul psbb cuma dijadikan isu politik warga dibiarkan mati
859,evaluasi psbb pengetatan atau pelonggaran
860,buru psbb selesai aku ingin pulang
861,pak jokowi saja bingung apalagi rakyat yambah bingung apa yang dilakukan pemerintah kalau pelaksanaan psbb seperti yang saat ini dilakukan mohon maaf jangan harapkan akan ada hasil yang signifikan memutus penyebaran corona jauh dari yang diharapkan
862,ada bisnis apa di balik psbb kesan maksa sekali pengin psbb seperti yang lainnya padahal disini status nya tidak jelas kalau dari kemarin psbb saya terima terima saja ini pandemi sudah mau berakhir dia baru mulai psbb sumpah basi sekali
863,skripsi susah sekali jalan karena lagi psbb
864,psbb itu hanya akal pemerintah untuk menghindari undanng undang nomor tahun pasal alias pemerintah tidak mau lakukan lockdown tanpa ada lockdown maka otomatis yang berjalan adalah herd immunity
865,jadi ingin bertanya minggu depan psbb jakarta sudah kelar bakalan diperpanjang lagi apa tidak
866,psbb bullshit anjing
867,she that good beliau mengkritik tapi tetap setuju dengan psbb ketimbang lockdown
868,psbb sampai akhir tahun harusnya
869,bayangkan semua warga ibukota keluar semua merayakan berakhirnya psbb
870,setelah psbb ini selesai nanti mau baku hantam saja sudah
871,maklum pak lagi psbb semua gang di portal dulu harus muter balik
872,apa psbb hanya untuk rakyat menengah ke bawah dan sembako untuk kalian yang bermobil mewah kami juga manusia kapten
873,tidak boleh nongkrong ingat psbb
874,ini psbb benaran sudah tidak seperti psbb masih ada yang boncengan mesra terus habis baca kampung kena covid di duga cluster sampoerna terus kata teman memang warganya masih suka nyangkruk percuma saja kitanya mengisolasi diri tapi kelaluan masih gitu
875,ngapain upload foto lagi di jalan terus captionnya sudah psbb masih macet anda  salah satu yang bikin macet mengapai anda di jalan
876,psbb petugasnya ngopi udud sambil naro plang dipinggir jalan bertuliskan checkpoint tanpa adanya yang dicek orang lewat cuek saja
877,psbb tidak bisa antri makanan disuruh masak sendiri
878,masih berlanjut terdengar kabar kota kelahiran bakal diterapkan psbb tetap sehat tetap semangat kalian
879,setelah psbb kok tetap naik
880,tanya dong psbb di karawang bagaimana
881,angaran psbb setiap daerah beda beda tapi semua besar apa duit itu sampai ke warganya merata
882,percuma psbb tahun kalau orangnya pada tolol apa gunanya katanya begitu
883,waduh psbb kebablasan pilih kasih lagi
884,sebaiknya psbb jangan cepat dicabut jangan sampai pemerintah makin kewalahan menanggu
885,kepada yang terhormat bapak yang saya hormati ada tempat saya juga belum mendapatkan bantuan sama sekali padahal di tempat kami sudah bulan lebih diberlakukannya psbb
886,kebijakan psbb kali lagian masih keluyuran saja kalau bukan urusan kerja
887,sudah kuduga berawal psbb kota bandung lanjut jawa barat terus mau sepulau jawa kenapa tidak sekalian seindonesia
888,kocak psbb memang buat orang jadi kreatif
889,tidak ada gunanya psbb lockdown pembeli dan penjual pakaian ramai di pasar anyar bogor
890,mungkin itu mereka prepare diri keluar rumah sebelum psbb
891,semoga saja habis lebaran psbb sama coronanya hilang biar bisa cari rizki lagi kantong sudah pusing
892,pemerintah mau melonggarkan psbb dan berharap pandemi berakhir juni dagelan sekali ini sudah tidak apa apa longgarin saja psbb pandemi makin lama juga tidak apa apa saya betah ansos soalnya
893,kusut sekali itu kasus kemarin peraturan psbb bandung sekarang aturan psbb jabar lebih benar
894,psbb cuma dikerjain pagi doang coba saja masuk ke surabaya plat luar siang malam hari tidak dicek
895,psbb diudahin langsung pada mudik bagaimana
896,psbb kelamaan
897,palembang psbb semoga cepat berakhir lah pandemi ini ingin pulang
898,psbb itu klub bola mana ya
899,lagi psbb tidak boleh pepet
900,bogor sudah psbb tahap saja
901,karena itu kita mengambil pilihan namanya psbb ini adalah interval antara lockdown dan herd imunity sehingga pilihannya bisa luwes bisa mendekati lockdown bisa ke herd immunity
902,tidak terlalu ketat psbb di sini saja masih ramai
903,tidak psbb juga lama
904,psbb bekasi jilid sudah datang
905,lokasi jalan guntur garut kota penerapan psbb berjalan macet psbb berjalan amburadul
906,psbb cuma akal akal pusat jika di daerah penerapan psbb berhasil yang klaim keberhasilannya pusat jika gagal kesalahan dilimpahkan daerah
907,tilang nih melangar psbb bonceng banyak
908,makin lama psbb makin banyak orang
909,tempat ibadah di kota malang tutup total selama psbb
910,daripada psbb tidak jelas begini bisnis tutup warga tetap saja keluyuran
911,di sini sudah mau relaksasi katanya padahal lockdown saja tidak psbb kendor
912,setelah psbb berakhir bakalan semacet apa jalanan ibukota
913,harapannya psbb di malang raya nanti hanya cukup dilaksanakan satu periode yaitu hari saja tidak perlu berpanjang
914,proses psbb di malang raya kurang lebih sama seperti yang terjadi di surabaya raya
915,psbb harus dilakukan oleh malang raya karena tingkat kasus tingkat sebaran dan kematian tinggi
916,psbb perlu tidak perlu kalau cuma sekedar mengurung dan menstop usaha rakyat kecil rasanya tidak perlu kalau perbandingan bisnis besar dan proyek besar serta para tenaga kerja asing asing masih diperbolehkan jalan padahal tidak ada perlunya juga buat rakyat proyek besar itu cuma buat perut pejabat
917,psbb bukan berarti kamu tidak bisa kemana mana kaum hawa cuma dibatasin saja kalau naik alat transportasi
918,terus kalau tertular sebelum jam tanggung jawab pemda yang betul boleh buka tapi hanya take away proses penjualan harus mengikuti ketentuan psbb tempatkan polpp untuk mengawasi boleh buka dan bisa makan ditempat itu sudah suatu keteledoran
919,untung kita hidup di zaman yang serba digital seperti sekarang jadi walaupun ada psbb kita masih bisa melakukan kegiatan melalui digital
920,tidak bisa pulang lagi psbb
921,lagi psbb begini masih saja ngumpul ngumpul ya
922,pandemik covid dan imbauan pembatasan sosial berskala besar psbb oleh pemerintah membuat masyarakat banyak tinggal di rumah sehingga mengubah pola transaksi masyarakat ke media digital
923,kasihan anak orang lagi psbb mengidam kue jangan dibegitukan
924,sepertinya karena di jakarta psbb
925,social distancing kita sedang kacau psbb saja banyak yang lost banyak kendala inilah dan maunya langsung aktivitas seperti biasanya memang segampang itu
926,psbb anjing
927,psbb kacau ya
928,anak ini tidak taat psbb
929,katanya mau damai tanpa psbb sini kamu meminta diapakan
930,apakah anggota dpr tersebut membuat narasi yang rusak bukankan virus itu tidak melihat jenis kelamin agama suku dan lain lain berkaca saja dengan penduduk bali tanpa psbb mereka bisa berhasil menangani penyebaran covid kunci mereka disiplin taat dengan protokol kesehatan
931,saya bingung tidak terlihat sama saya sisi ketegasan pemerintah dalam menjalankan psbb di kota saya orang bebas berkeliaran tidak pakai masker lagi sekarang gagal paham saya jujur
932,ini yang suka langgar psbb laporin sama pak tito
933,setelah ribut mudik pulang kampung psbb moda transportasi dibuka undang undang minerba sekarang bpjs pengin balik ke jaman majapahit saja
934,apasih psbb segala
935,kalau psbb tidak bisa kampanye
936,naik motor seperti odong seperti yang penting tidak mepet mepet tapi naik mobil psbb nantinya dari kursi belakang bagaimana ya
937,setiap dengar menkes setujuin psbb ngebayangin seperti dokter mengasih surat sakit ke pasien siapa lagi yang sama
938,mumpung ada peraturan psbb jadi demonya libur mumpung sepi disahkan saja
939,suka heran sama orang alhamdulillah psbb psbb akhirnya psbb habis ini psbb tetap semangat dan sehat selalu anak istrimu menanti dirumah wahai buruh harian
940,bagaimana cara pikir anda puan maharani psbb diperketat saja curva covid selalu naik bagaimana jika dilonggarkan tentu saja semakin naik
941,kamu harus tetap melakukan prokotol kesehatan ala psbb nanti
942,ini jangan psbb seperti darurat sipil semestinya pak kapolres memberi makan semua warga sidoarjo
943,jangan psbb dulu ya malangku sayang
944,hari terproduktif selama psbb jam set sudah tangerang jakarta serpong tangerang
945,dan saya mengkhawatirkan orang orang kelas menengah yang bisa saja muak kemudian berontak di saat itu tidak bakal ada yang peduli sama psbb physical distancing covid
946,aku psbb dan satpol pp yang dagangnya sambil kucing kucingan pasti paham maksudnya
947,bingung kaget marah jokowi bingung sudah psbb tapi yang positif korona makin bertambah
948,yang membuat ini semua ruwet adalah the gov doesn't have the money tapi cover the aftermath of psbb yang berkepanjangan
949,kendaraan anti psbb
950,apalagi dihadang psbb begini sulit mindahin gunung tapi tetap mungkin bagi yang berkomitmen
951,ini hal lucu yang saya temukan yang kebetulan saya tau orangnya begitu ada banyak penderita covid dia sibuk memaki pemerintah soal bantuan kebijaksanaan tetapi salah satu yang degil saat psbb
952,rezim ini tidak siap pura pura siap tidak mampu pura pura mampu akhirnya gagap aturan tumpang tindih banyak kebijakan yang nyeleneh tanpa solusi yang benar corona hanya dijadikan ajang korupsi tanpa penyelesaian yang nyata dan merata terhadap rakyat yang terdampak psbb
953,tau tidak teman siapa yang sering melanggar
954,membelikan masih psbb
955,anjing psbb bikin gemuk
956,sekarang saja ketika psbb masih berjalan orang orang yang keluar rumah saja setengah tidak peduli dengan physical distancing tidak kebayang ketika beberapa sektor dibuka kembali di akhir bulan
957,kelamaan psbb pas masuk sekolah
958,kalau sebuah desa sudah di level berarti boleh jumatan dan salat idul fitri tetapi jaga jarak kalau masih di level peraturan sama seperti pada saat psbb
959,aspiratif kritis dan rinci membuahkan wakil rakyat menolak psbb di nabire
960,namanya juga psbb kalau sudah ketemu jadi repot
961,psbb kelar langsung disamper
962,orang yang jualan tidak ada psbbnya
963,habis darimana psbb jangan keluyuran
964,pasti banyak dari mereka di sana yang sebelumnya memaki komentari pedas orang orang yang masih beribadah ke masjid saat psbb
965,psbb pernah sayang belum berjodoh
966,pemerintah dan analis kebijakannya pikir tidak kalau kelonggaran psbb terus berdamai sama virus seakan akan ancaman pembunuhan kewarganya sendiri
967,masih meluasnya penyebaran covid di indonesia pemerintah berencana merelaksasi psbb setelah melalui kajian yang matang namun gugus tugas covid mengisyarakan tidak merekomendasikan pelonggaran psbb karena terlalu beresiko
968,kunci relaksasi psbb
969,sabar ini lagi bulan puasa psbb nanti saja minimal salah satu sudah kelar tempat gampang
970,memang benar akhir mei sudah akhir psbb
971,setiap libur menahan diri untuk tidak kemanamana biar wabah covid ini selesai keluar kost cuma untuk kerja dan sesuatu yang urgent orang orang goblok dengan bangganya nongkrong diluar jalan raya masih tetap ramai apa itu psbb
972,mending psbb sekali daripada herd immunity scenario
973,serius tanya lagi social physical distancing dan psbb begini bioskop itu tutup terus kalau mau menonton film yang lagi on going di bioskop bagaimana
974,tidak mengerti aku juga psbb jabar tidak takut
975,perancis melonggarkan lockdown itu namanya psbb
976,mau setelah psbb apa sebelum psbb
977,yang saya bingung pak sudah dilakukan psbb tapi orang dari china itu kok masih bebas masuk bingung yang aneh
978,rata rata pada tutup karena masih psbb
979,tidak kemana ini psbb
980,printing with blok masih psbb tapi sebentar lagi lebaran bingung bagaimana dekorasi yang pas untuk menghias rumah
981, jika meminta adaptasi tidak usah lagi ada psbb sekarang saja kami sudah bersimbiosis dengan corona besok kami jadi corona
982,menghitung hari psbb di kota palembang yang biasa naik angkutan online kepaksa bawa kendaraan sendiri
983,meminta kepada presiden dan pemerintah daerah supaya segerah mencabut pemberlakuan psbb di setiap daerah agar masyarakat bisa bekerja dan beraktivitas seperti biasa karena rakyat sudah banyak yang menderita akibat kebijakan pemerintah
984,kalau masyarakat biasa langsung kena pidana
985,pelonggaran psbb bagian dari skenario herd immunity
986,melihat kondisi seperti itu agaknya kebijakan lockdown dapat menyebabkan dampak ekonomi yang lebih signifikan dibandingkan dengan psbb
987,psbb daerah kalian sudah selesai jogja tidak ada sepertinya
988,aku putus gara gara psbb
989,jangankan itu faktanya di beberapa lokasi yang pemda sudah menerapkan psbb masih ada juga masjid masjid yang melangsukan kegiatan berjamaah
990,sekarang ini kelompok menengah banyak yang dalam tekanan akibat wabah covid apalagi ditambah ini mereka ada yang kena phk atau kehilangan income karena usaha mereka yang dibatasi oleh psbb
991,mau lihat kegoblokan pemerintah indonesia cek saja berita lihat perbedaan statement antara petinggi bawahan dan budaknya buat apa ada psbb kalo transportasi dibuka lagi bandara dibuka ada yang positif masuk indonesia
992,psbb psbb gundulmu psbb
993,psbb pembatasan sosial berakhir bubaran
994,psbb saja weekend tetap macet
995,banyak pro dan kontra di masyarakat menanggapi peraturananjuran yang di ambil pemerintah seperti larangan mudik
996,karena psbb lu telat
997,kemarin katanya psbb menguntungkan dibanding lockdown kenapa sekarang bingung kita itu sudah terlambat
998,tandanya masih banyak yang belum tes dan itu akan semakin cepat menyebar karena psbb jabar tidak akan diperpanjang
999,psbb atau tidak sama terpenjara di rumah menerus sumpek
1000,psbb bahasanya orang indonesia
